<?xml version="1.0" encoding="UTF-8"?>  
<beans  
    xmlns="http://www.springframework.org/schema/beans"  
    xmlns:xsi="http://www.w3.org/2001/XMLSchema-instance"  
    xmlns:p="http://www.springframework.org/schema/p"  
    xsi:schemaLocation="http://www.springframework.org/schema/beans  
        				http://www.springframework.org/schema/beans/spring-beans-3.0.xsd
        				http://www.springframework.org/schema/context
						http://www.springframework.org/schema/context/spring-context.xsd"
	xmlns:context="http://www.springframework.org/schema/context">

<context:component-scan base-package="org"/>

		  <bean id="dataSource" class="org.springframework.jdbc.datasource.DriverManagerDataSource">
                <property name="driverClassName" value="oracle.jdbc.driver.OracleDriver"/>
                  <property name="url" value="jdbc:oracle:thin:@localhost:1521:orcl"/>
                <property name="username" value="SYSTEM"/>
               <property name="password" value="246856"/>
       </bean>
 


    <bean id="mysessionFactory"  class="org.springframework.orm.hibernate3.LocalSessionFactoryBean">  
       
        <property name="dataSource" ref="dataSource"/>  
             
        <property name="hibernateProperties">  
            <props>  
                <prop key="hibernate.dialect">org.hibernate.dialect.OracleDialect</prop>  
                <prop key="hibernate.hbm2ddl.auto">update</prop>  
                <prop key="hibernate.show_sql">true</prop>                  
            </props>  
        </property>  
   
        <property name="mappingResources">  
        <list>  
        <value>org/modelo/sregion/S_Region.hbm.xml</value>  
        </list>  
        </property>  
        
    </bean>     
    
    <bean id="template" class="org.springframework.orm.hibernate3.HibernateTemplate">  
    	<property name="sessionFactory" ref="mysessionFactory"></property>  
    </bean>
      
    </beans>  